LLM_Model,Overall_Rating,Purchase_Intent,Visual_Appeal,Value_Convincing,Message_Clarity,Trustworthiness,High_Rating_Rate,N_Evaluations,Std_Dev,Rank
Claude,3.6333333333333337,3.619047619047619,3.5,3.5476190476190474,3.761904761904762,3.738095238095238,0.19047619047619047,42,0.9984540896334144,1
ChatGPT,3.571428571428573,3.5238095238095237,3.3095238095238093,3.5,3.9047619047619047,3.619047619047619,0.11904761904761904,42,0.8917742562116334,2
Deepseek,3.4952380952380957,3.380952380952381,3.380952380952381,3.3095238095238093,3.9285714285714284,3.4761904761904763,0.11904761904761904,42,0.9840068364209227,3
Gemini,3.4857142857142853,3.4047619047619047,3.380952380952381,3.357142857142857,3.9523809523809526,3.3333333333333335,0.16666666666666666,42,1.0712589877407477,4
